source,title,url,summary,tags,published
Business of Fashion,This Week: Fashion’s Back-to-School Dilemma,https://www.businessoffashion.com/briefings/retail/this-week-fashions-back-to-school-dilemma/,"Retailers will need to prepare for the $11 billion summer shopping season without fully understanding what tariffs will be in place, or how much parents and students are willing to spend.",[],2025-06-29T12:00:00
Business of Fashion,Jonathan Anderson’s Grunge Aristocracy at Dior,https://www.businessoffashion.com/reviews/fashion-week/jonathan-anderson-dior-menswear-debut-spring-summer-2026/,"Colliding artistry with calculated artlessness, the designer’s debut offered up a great appetiser for a more complex meal to come, writes Tim Blanks.",[],2025-06-27T21:25:13
Business of Fashion,"In Paris, All Eyes on Jonathan Anderson’s Dior Debut",https://www.businessoffashion.com/opinions/fashion-week/in-paris-all-eyes-on-jonathan-andersons-dior-debut/,"A phalanx of designers came to support — and, no doubt, carefully scrutinise — Jonathan’s Anderson first men’s show for Dior, writes Imran Amed.",[],2025-06-27T22:00:00
Business of Fashion,The BoF Podcast |  Yasmin Sewell: Intuition Can Be a Superpower in Business,https://www.businessoffashion.com/podcasts/beauty/the-bof-podcast-yasmin-sewell-intuition-can-be-a-superpower-in-business/,"After two decades in fashion, Yasmin Sewell founded Vyrao, a fragrance brand built on energy, intuition and healing. At The Business of Beauty Global Forum 2025, she shared how she turned a moment of personal upheaval into a deeply personal business.",[],2025-06-27T19:10:01
Business of Fashion,Saks Gets $600 Million Lifeline as Creditors Face Steep Losses,https://www.businessoffashion.com/news/retail/saks-gets-600-million-lifeline-as-creditors-face-steep-losses/,"As part of the arrangement, a group holding a slim majority of the struggling luxury retailer’s $2.2 billion of 11 percent bonds, will provide Saks an immediate $300 million loan, according to deal terms reviewed by Bloomberg.",[],2025-06-27T21:13:08
Business of Fashion,Fashion’s Chaotic New Regulatory Reality,https://www.businessoffashion.com/articles/sustainability/fashion-chaotic-regulatory-reality-europe-sustainability-green-deal/,The regulatory environment is becoming more complicated as European politicians roll back on regulations that were intended to make the industry more sustainable.,[],2025-06-27T04:30:00
Business of Fashion,Exclusive: Roberto Cavalli CEO to Exit as Owner Seeks Sale,https://www.businessoffashion.com/news/luxury/roberto-cavalli-ceo-exit-owner-seeks-stake-sale/,Sergio Azzolari is stepping down after less than three years at the helm of the Italian label as its Dubai-based owner aims to bring on a strategic partner to support growth at the loss-making brand.,[],2025-06-27T19:02:51
Business of Fashion,"Shein to File Confidentially for Hong Kong IPO, Sources Say",https://www.businessoffashion.com/news/retail/shein-to-file-confidentially-for-hong-kong-ipo-sources-say/,"Shein aims to submit the filing confidentially as soon as this week, a source familiar with the matter told Reuters. A second source said the filing was expected to be made by Monday.",[],2025-06-27T21:02:54
Business of Fashion,Report: Unilever to Pay $1.5 Billion For Dr. Squatch,https://www.businessoffashion.com/news/beauty/report-unilever-to-pay-15-billion-for-dr-squatch/,"The mass personal care brand’s sale price topped £1 billion, according to a report in the Financial Times.",[],2025-06-27T11:23:46
Business of Fashion,What the Israel-Iran Conflict Could Mean for Fashion,https://www.businessoffashion.com/briefings/global-markets/what-the-israel-iran-conflict-could-mean-for-fashion/,"While a ceasefire is in place, shipping, supply chains and consumer sentiment remain threatened as tensions in the Middle East persist.",[],2025-06-27T14:25:11
Business of Fashion,The Aqua-for You Page,https://www.businessoffashion.com/articles/beauty/the-aqua-for-you-page/,Beauty brands spend billions marketing products to Gen-Z. But their current favourite skin balm doesn’t even have an ad campaign currently running. How is this happening?,[],2025-06-27T12:00:00
Business of Fashion,Luxury Brands Bet on Experiential Retail to Revive China Sales,https://www.businessoffashion.com/news/luxury/luxury-brands-bet-on-experiential-retail-to-revive-china-sales/,"Louis Vuitton’s latest Shanghai store is a 30-metre-high, ship-shaped experience called ‘The Louis.’",[],2025-06-27T10:45:53
Business of Fashion,Nike Fourth-Quarter Sales Fall by Less Than Expected,https://www.businessoffashion.com/news/retail/nike-fourth-quarter-sales-fall-by-less-than-expected/,"CEO Elliott Hill said the company is making progress in its turnaround effort, though a return to growth will take time.",[],2025-06-26T22:22:02
Business of Fashion,Anna Wintour Makes Room for New Editorial Leader at US Vogue,https://www.businessoffashion.com/articles/media/anna-wintour-makes-room-for-new-editorial-leader-at-us-vogue/,Wintour has begun the search for a new ‘head of editorial content’ to steer day-to-day operations at the American edition of Vogue. The longtime editor-in-chief will continue to oversee the title as global editorial director of Vogue as well as chief content officer at publisher Condé Nast.,[],2025-06-26T17:35:12
Business of Fashion,Territorial Pissings with Rick Owens,https://www.businessoffashion.com/reviews/fashion-week/rick-owens-menswear-spring-summer-2026/,Fashion’s master of the Dark Arts presents dual challenges to orthodoxy with his new show for men and a spectacular retrospective,[],2025-06-27T01:43:48
Business of Fashion,"For Makeup that Performs, Look to Drag Queens",https://www.businessoffashion.com/articles/beauty/for-makeup-that-performs-look-to-drag-queens/,"The art of drag has undeniably influenced how ordinary people shop for and apply their cosmetics. More recently, a new guard of queens is hoping to cash in on the transaction.",[],2025-06-26T11:00:00
Business of Fashion,Fashion’s Suppliers Want More Say on Climate Action,https://www.businessoffashion.com/news/sustainability/fashion-sustainability-manufacturers-climate-apparel-textile-transformation-initative/,"A new initiative led by apparel and textile manufacturers aims to give suppliers a bigger voice at the table. At present, “brands just make a statement and then expect us to pay the bill for it,’ said Bangladesh-based manufacturer Miran Ali.",[],2025-06-26T16:21:30
Business of Fashion,The Return of Old-School Celebrity Campaigns,https://www.businessoffashion.com/articles/marketing-pr/the-return-of-the-celebrity-pitch/,Brands are reverting to retro celebrity testimonials to drive awareness and renewed interest among ad-weary consumers.,[],2025-06-25T04:30:00
Business of Fashion,"Retail Emerges as Most Distressed Sector in Europe, Report Says",https://www.businessoffashion.com/news/retail/retail-emerges-as-most-distressed-sector-in-europe-report-says/,"Retail is suffering from weak discretionary spending, margin compression and tightening credit conditions, pushing distress in the sector to the highest level since the global financial crisis in 2009.",[],2025-06-26T10:13:07
Business of Fashion,"Ulta Beauty Chief Financial Officer to Depart, Interim Leader Appointed",https://www.businessoffashion.com/news/beauty/ulta-beauty-chief-financial-officer-to-depart-interim-leader-appointed/,The American cosmetics retailer said on Wednesday that longtime financial executive Chris Lialios will serve as interim chief financial officer until it finds a suitable replacement for outgoing CFO Paula Oyibo.,[],2025-06-25T14:23:34
Business of Fashion,Fantastic Man Magazine Launches in China,https://www.businessoffashion.com/news/media/fantastic-man-magazine-launches-in-china/,Former Yves Saint Laurent creative director Stefano Pilati will join Fantastic Man China as editor at large.,[],2025-06-26T04:00:00
Business of Fashion,New Balance Bets Its Basketball Future on Cooper Flagg,https://www.businessoffashion.com/articles/marketing-pr/new-balance-bets-its-basketball-future-on-cooper-flagg/,The brand known for its running shoes is making its mark in the basketball business after signing 18-year-old NBA Draft top pick Cooper Flagg.,[],2025-06-25T14:30:05
Business of Fashion,"Can Korean Fashion Be as Big as K-Beauty, or K-Pop?",https://www.businessoffashion.com/articles/global-markets/korean-fashion-post-archive-faction-gentle-monster/,"K-fashion made significant inroads in becoming a part of a global fashion conversation in 2025, with brands like Post Archive Faction and Gentle Monster grabbing attention. But scaling the category to become as big as other cultural exports remains challenging.",[],2025-06-26T04:30:00
Business of Fashion,The End of the Founder-Led Era,https://www.businessoffashion.com/articles/beauty/state-of-fashion-beauty-report-founder-led-beauty-brands/,"Over the last decade, an avalanche of brands with public-facing founders emerged. While a prominent founder can propel growth, customers use other factors to assess whether a brand is suited to their needs, according The State of Fashion: Beauty Volume 2.",[],2025-06-26T04:30:00
Business of Fashion,AI Shopping Platform Daydream Launches in the US,https://www.businessoffashion.com/news/technology/ai-shopping-platform-daydream-launches-in-the-us/,"The site, co-founded by Julie Bornstein, aims to reimagine online shopping with the capabilities of the large language models underlying AI tools such as ChatGPT.",[],2025-06-25T12:00:00
Business of Fashion,The Tenth Edition of BoF VOICES Is Coming: First Speakers Announced,https://www.businessoffashion.com/events/news-analysis/bof-voices-2025-first-speakers-announced/,"Prada Group CEO Andrea Guerra, model Jean Campbell and MSCHF founder Gabriel Whaley are among the global experts who will share their insights at BoF’s annual gathering for big thinkers, now in its tenth year.",[],2025-06-25T02:00:00
Business of Fashion,Swiss Antitrust Authorities Open Investigation Into Nivea Pricing,https://www.businessoffashion.com/news/beauty/swiss-antitrust-authorities-open-investigation-into-nivea-pricing/,"The group known as COMCO said on Tuesday it will investigate the mass skincare brand’s parent company, Beiersdorf, over a pricing dispute with a local retailer.",[],2025-06-25T11:04:27
Business of Fashion,The Indie Beauty Brands Transforming Africa’s Hair Care Market,https://www.businessoffashion.com/articles/beauty/the-indie-beauty-brands-transforming-africas-hair-care-market/,"A crop of upstart brands are betting on Africa for their next global expansion, ready to benefit from the continent’s growing middle class. To kick-start Africa’s premium hair care market, they’ll need to carefully consider marketing and retailer strategy, as well create a new value proposition.",[],2024-12-11T09:47:00
Business of Fashion,The Founders Pushing African Fragrance Into the Mainstream,https://www.businessoffashion.com/articles/beauty/african-fragrance-brands-havent-hit-the-mainstream-yet-these-founders-want-to-change-that/,"Across the continent, a handful of nascent brands are attempting to kickstart the continent’s own niche perfume moment. Success will take mastery of retail, e-commerce and branding across borders.",[],2024-10-15T04:45:00
Business of Fashion,Selfridges Wins Approval for Private Members’ Club,https://www.businessoffashion.com/news/luxury/selfridges-wins-approval-for-private-members-club/,The Westminster City Council approved an application to convert space in the department store’s flagship London outlet into a membership venue with a terrace and private dining room.,[],2025-06-24T21:54:27
Business of Fashion,Forever 21’s US Operator Wins Court Approval to Liquidate,https://www.businessoffashion.com/news/retail/forever-21s-us-operator-wins-court-approval-to-liquidate/,The embattled fast-fashion company's repayment plan includes a settlement with lenders and former Forever 21 parent Sparc Group that’s designed to boost recoveries for unsecured creditors that stood to get pennies on the dollar.,[],2025-06-24T21:45:17
Business of Fashion,Glossier CEO Kyle Leahy to Exit,https://www.businessoffashion.com/news/beauty/glossier-ceo-kyle-leahy-to-exit/,"After three years as chief executive, Leahy will step down from her role by year-end, and will retain her board seat while assisting the company in finding a successor.",[],2025-06-24T17:27:41
Business of Fashion,"Swedish Textile Recycler Syre to Partner With Gap, Target as Demand for Sustainable Clothing Grows",https://www.businessoffashion.com/news/sustainability/swedish-textile-recycler-syre-to-partner-with-gap-target-as-demand-for-sustainable-clothing-grows/,The H&amp;M-backed textile recycling firm will supply the US retailers with recycled polyester.,[],2025-06-24T14:43:15
Business of Fashion,"Inside Gap’s Last-Ditch, Tariff-Addled Turnaround Push",https://www.businessoffashion.com/articles/retail/inside-gaps-last-ditch-tariff-addled-turnaround-push/,The iconic ’90s retailer was on the precipice of death for years. Richard Dickson finally had momentum for a comeback — then came Trump.,[],2025-06-24T16:54:00
Business of Fashion,Target Explores Factory-Direct Shipping Model Used by Temu,https://www.businessoffashion.com/news/retail/target-explores-factory-direct-shipping-model-used-by-temu/,"The retailer is in early stages to broaden its range of low-cost offerings, which would primarily include apparel, household goods and other non-food items.",[],2025-06-24T21:49:44
Business of Fashion,The ‘Silicon Valleys’ of Beauty Brace for Tariffs,https://www.businessoffashion.com/articles/beauty/korea-australia-niche-beauty-capital-hubs/,"From Seoul to Melbourne, new cities are emerging as frontrunners in the beauty start-up space. The independent brands created in these hubs are fast becoming hot acquisition targets, but understanding the limits of their global appeal is key.",[],2025-06-25T04:00:00
Business of Fashion,Ready for Relaunch? Jonathan Anderson’s Dior Challenge,https://www.businessoffashion.com/articles/luxury/jonathan-anderson-dior-lvmh-turnaround-basquiat-warhol-mbappe/,The stakes are high for the designer’s debut at the French megabrand as owner LVMH faces mounting pressure to resolve problem areas in its portfolio.,[],2025-06-25T04:00:00
Business of Fashion,How Haus Labs Mastered the Art of the Comeback,https://www.businessoffashion.com/articles/beauty/state-of-fashion-beauty-bof-mckinsey-report-haus-labs-interview-ben-jones/,"The Lady Gaga-fronted line went through a renaissance, changing its product offering, distribution and overall look and feel to better connect with customers. CEO Ben Jones tells The State of Fashion: Beauty Volume 2 how the brand pulled it off.",[],2025-06-25T04:30:00
Business of Fashion,How Turkish Brands Conquered the ‘Rest of the World’,https://www.businessoffashion.com/articles/global-markets/lc-waikiki-koto-defacto-global-markets-turkey/,"Turkish fast-fashion giants LC Waikiki, Koton and DeFacto have rolled out hundreds of stores in high-growth, high-risk frontier markets like Albania, Uganda and Mongolia where rivals H&amp;M and Zara have little or no presence.",[],2025-06-24T14:21:53
Business of Fashion,"The Debrief | The Jewellery Boom, Explained",https://www.businessoffashion.com/podcasts/luxury/the-debrief-the-jewellery-boom-explained/,"Even as luxury fashion brands face declining demand, jewellery sales are booming. The Debrief explores how smaller designers and novel pieces are capturing consumer interest and finding new paths to growth.",[],2025-06-24T18:23:41
Business of Fashion,"Worldview | Iran-Israel War Disrupts Local Businesses, Poses Global Risks",https://www.businessoffashion.com/articles/global-markets/worldview-iran-israel-war-disrupts-local-businesses-poses-global-risks/,"This week’s round-up of global markets fashion business news also features JD.com’s turnaround plan, pan-African e-commerce giant Jumia and Ecuador’s crackdown on Chinese e-tailers.",[],2025-06-24T14:59:40
Business of Fashion,Amorepacific’s Road to Success,https://www.businessoffashion.com/articles/beauty/state-of-fashion-beauty-bof-mckinsey-report-amorepacific-interview-sean-kim-k-beauty/,"The K-beauty corporation behind brands like Laneige, Aestura and Sulwhasoo sees global expansion and ongoing innovation as keys to growth, chief executive Sean Kim explains in The State of Fashion: Beauty Volume 2.",[],2025-06-19T04:30:00
Business of Fashion,Telfar’s 20th Anniversary Show: A Celebration With a Message,https://www.businessoffashion.com/articles/creative-class/telfar-throws-20th-anniversary-fashion-show-in-soho/,"On Saturday, the brand, best known for its cult favourite ‘Bushwick Birkin’ totes, held its first runway presentation in three years in an alleyway behind its flagship store, where family and community came first.",[],2025-06-23T04:30:00
Business of Fashion,Unilever to Acquire Men’s Personal Care Brand Dr. Squatch,https://www.businessoffashion.com/news/beauty/unilever-acquires-dr-squatch/,"The consumer goods giant announced on Monday that it had signed a definitive agreement to acquire the American men’s brand, known for its soaps and grooming products.",[],2025-06-23T19:02:14
Business of Fashion,Elliott-Backed Claire’s Eyes Sale as Tariffs Hit Budget Jeweller,https://www.businessoffashion.com/news/retail/elliott-backed-claires-eyes-sale-as-tariffs-hit-budget-jeweller/,Claire’s needs to address a nearly $500 million loan due in December 2026 and recently chose to defer interest payments on its debt to conserve cash.,[],2025-06-23T17:07:24
Business of Fashion,Chinese Makeup Brands Are Winning Over Global Consumers,https://www.businessoffashion.com/articles/professional/chinese-makeup-brands-are-winning-over-global-consumers/,"As the popularity of alternative social media platforms like RedNote grows outside of China, domestic beauty brands like Florasis and Judydoll are reaping the benefits.",[],2025-06-23T11:25:52
Business of Fashion,Hilton to Enter Cruise Business with Waldorf Astoria Nile Ship,https://www.businessoffashion.com/articles/professional/hilton-to-enter-cruise-business-with-waldorf-astoria-nile-ship/,"The hotel group’s Waldorf Astoria Nile River Experience, set to launch in late 2026, follows similar moves by Ritz-Carlton, Four Seasons, Orient Express and Aman.",[],2025-06-24T09:18:31
Business of Fashion,Why Jewellery Feels Like a Better Deal Than a Handbag,https://www.businessoffashion.com/articles/luxury/why-jewellery-feels-like-a-better-deal-than-a-handbag/,"Jewellery brands have raised prices less than fashion labels, and now benefit from a stronger sense of lasting value.",[],2025-06-24T04:30:00
Business of Fashion,Can TikTok’s ‘Shirtless Race’ Become More than a Trend?,https://www.businessoffashion.com/articles/beauty/can-tiktoks-shirtless-race-become-more-than-a-trend/,"Hyrox, a grueling strength-and-endurance race that pops up in major cities, is far more than a workout to its legions of fans. Now it's betting on becoming the next spectator sport.",[],2025-06-24T11:00:00
Business of Fashion,How Kiko Milano Built Pricing Power,https://www.businessoffashion.com/articles/beauty/state-of-fashion-beauty-bof-mckinsey-report-kiko-milano-interview-simone-dominici/,"The Italian cosmetics giant has deftly engineered a premiumisation strategy, and has elevated its distribution, product selection and points of differentiation, heavily reducing discounts and promotions in the process. Chief executive Simone Dominici explained how it deployed its strategy in The State of Fashion: Beauty Volume 2.",[],2025-06-24T04:30:00
Business of Fashion,Customers Want Beauty Brands to Prove Their Worth,https://www.businessoffashion.com/articles/beauty/state-of-fashion-beauty-report-value-price-mass-brands/,"As beauty customers grow more selective and cost-conscious, brands must demonstrate a clear and ownable value proposition, regardless of price, according to the BoF-McKinsey State of Fashion: Beauty report Volume 2.",[],2025-06-18T04:00:00
Business of Fashion,The Fashion and Beauty Opportunity on Snapchat in the Gulf,https://www.businessoffashion.com/articles/marketing-pr/fashion-and-beauty-brand-opportunity-on-snapchat-in-gcc-gulf-region-hussein-freijeh-interview/,"BoF sits down with Snap Inc.’s vice president and general manager of the Middle East, Hussein Freijeh, to learn more about the changing social media landscape in the Gulf, its impact on consumer behaviour, and the new opportunities it presents for fashion and beauty brands to reach audiences in the region.",[],2025-06-24T05:00:01
Business of Fashion,Exclusive: The Whitaker Group Expands With New Women-Centric Retailer Jaide,https://www.businessoffashion.com/news/retail/the-whitaker-group-jaide-opening/,It will be the US group’s first foray into women’s retail as it looks to expand its popular streetwear retail empire.,[],2025-06-23T04:28:00
Business of Fashion,"At Milan Fashion Week, Highs and Lows",https://www.businessoffashion.com/reviews/fashion-week/milan-menswear-spring-summer-2026/,"Milan’s menswear showcase felt particularly frail this season, though there were a few standouts, reports Angelo Flaccavento.",[],2025-06-23T22:56:26
Business of Fashion,Exclusive: Skims’ Plan for Global Domination,https://www.businessoffashion.com/articles/retail/skims-plan-for-global-domination/,"Kim Kardashian’s shapewear brand is preparing to enter many new markets in the US and, increasingly, globally. CEO Jens Grede spoke with The Business of Fashion about his vision to create ‘the Apple store of apparel.’",[],2025-06-23T04:00:00
Business of Fashion,Calvin Klein Bets on Body Sprays to Be Gen-Z’s Obsession,https://www.businessoffashion.com/articles/beauty/calvin-klein-launches-body-mists/,"As the fight for teen relevancy and wallet share intensifies, the Coty-produced fragrance line will launch an all-new collection of affordable body mists.",[],2025-06-23T12:00:00
Business of Fashion,Amazon’s Premium Beauty Push May Be a Buffer Against Trump’s Tariffs,https://www.businessoffashion.com/news/beauty/amazons-premium-beauty-push-may-be-a-buffer-against-trumps-tariffs/,"The Seattle-based e-commerce company is betting that sales growth in its beauty category, which includes Estée Lauder’s Clinique, Olaplex and L’Oréal’s Urban Decay, will offset the impact of tariffs on its upcoming Prime Day event.",[],2025-06-23T14:02:47
Business of Fashion,US Strikes on Iran Come at Fragile Moment for the Global Economy,https://www.businessoffashion.com/news/global-markets/us-strike-iran-global-trade-economy-impact/,"The outlook now hinges on how forcefully the Islamic Republic retaliates, with any trade disruptions caused by a further escalation of the conflict acting as yet another brake on the world economy.",[],2025-06-22T20:03:21
Business of Fashion,Prada CEO Gianfranco D’Attis to Exit the Brand,https://www.businessoffashion.com/news/luxury/prada-ceo-gianfranco-dattis-leaves-andrea-guerra/,Prada Group’s chief executive Andrea Guerra will take on the role of the brand’s CEO on an interim basis.,[],2025-06-22T19:07:27
Business of Fashion,"River Island Plans to Close 33 Stores, Putting Hundreds of Jobs at Risk",https://www.businessoffashion.com/news/retail/river-island-plans-to-close-33-stores-putting-hundreds-of-jobs-at-risk/,CEO Ben Lewis said the British fashion company would try to 'keep [job losses] to a minimum.’,[],2025-06-20T20:12:02
Business of Fashion,Giorgio Armani to Miss Runway Shows As He’s ‘Recovering’ at Home,https://www.businessoffashion.com/news/luxury/giorgio-armani-to-miss-runway-shows-as-hes-recovering-at-home/,The Italian fashion designer will follow the shows remotely while menswear head Leo Dell’Orco will greet guests on Saturday and Monday in his stead.,[],2025-06-20T20:06:51
Business of Fashion,This Week: Nike’s Earnings and Jonathan Anderson’s Dior Debut,https://www.businessoffashion.com/briefings/retail/this-week-nikes-earnings-and-jonathan-andersons-dior-debut/,"In their own ways, both companies will provide major updates on how they plan to win back customers.",[],2025-06-22T12:00:00
Business of Fashion,UTA Names Darnell Strom to Lead London Office,https://www.businessoffashion.com/news/creative-class/uta-names-darnell-strom-to-lead-london-office/,"Strom will step into a newly created UK leadership role as the agency positions London as a hub for its expansion across Europe, the Middle East and Africa.",[],2025-06-23T10:00:00
Business of Fashion,How to Make a Members Club Work in New York,https://www.businessoffashion.com/articles/luxury/how-to-make-a-members-club-work-in-new-york/,Private clubs like LA’s San Vicente and London’s The Twenty Two are flooding New York City. Can they make membership a ‘must-have’ for a new generation of affluent New Yorkers?,[],2025-04-28T04:30:00
Business of Fashion,Opinion: Members Clubs Just Aren’t What They Used to Be,https://www.businessoffashion.com/articles/luxury/members-clubs-just-arent-what-they-used-to-be-new-york/,"A new generation of private clubs has commodified elitism, argues Allison Schrager.",[],2025-06-20T13:45:52
Business of Fashion,Exclusive: Bata Group Names Panos Mytaros as New CEO,https://www.businessoffashion.com/news/retail/bata-group-names-panos-mytaros-as-new-ceo/,"The former boss of Danish footwear brand Ecco will join Bata in September, taking over from Sandeep Kataria.",[],2025-06-16T12:00:00
Business of Fashion,BoF Insights | The New Era of Fashion E-Commerce,https://www.businessoffashion.com/reports/retail/bof-insights-e-commerce-retail-amazon-fashion-sports/,"Based on a proprietary survey of fashion shoppers across the EU5 — those in the UK, Germany, France Italy and Spain — and BoF Insights intelligence, this new report, developed in collaboration with Amazon Fashion & Sports in Europe, reveals how fashion brands can meet rising customer expectations and nurture long-term loyalty in an increasingly competitive online retail landscape.",[],2025-06-23T04:30:00
Business of Fashion,‘Transform or Die’: Can a Turnaround Expert Turn Kering Around?,https://www.businessoffashion.com/opinions/luxury/transform-or-die-can-a-turnaround-expert-turn-kering-around/,"Luca De Meo’s appointment as the French group’s chief executive is an admission of the seriousness of the crisis the company is facing, as well as a signal of its intent to do something about it, writes Imran Amed.",[],2025-06-20T19:00:00
Business of Fashion,EU Ditches Plans for Anti-Greenwashing Rules,https://www.businessoffashion.com/news/sustainability/eu-ditches-anti-greenwashing-rules/,The European Commission is abandoning regulation that would have required companies to back up green claims following pressure from conservative lawmakers.,[],2025-06-20T17:02:39
Business of Fashion,The BoF Podcast | Tracee Ellis Ross: Understanding the Diversity of Humanity is Good Business,https://www.businessoffashion.com/podcasts/beauty/the-bof-podcast-tracee-ellis-ross-understanding-the-diversity-of-humanity-is-good-business/,"Tracee Ellis Ross shares her journey from Hollywood actress to entrepreneur with BoF founder and CEO Imran Amed, detailing the systemic changes she’s driving in the haircare industry.",[],2025-06-20T16:46:35
Business of Fashion,Is Fashion Stuck in the Archives?,https://www.businessoffashion.com/reviews/fashion-week/pitti-uomo-menswear-spring-summer-2026/,"At Pitti Uomo, there was a sense of nostalgia that felt both backward looking and progressive, reports Angelo Flaccavento.",[],2025-06-20T16:29:40
Business of Fashion,Bernard Arnault Grapples With the Biggest Slump in LVMH’s History,https://www.businessoffashion.com/articles/luxury/bernard-arnault-grapples-with-biggest-slump-in-lvmh-history/,The luxury goods maker is reeling from a sharp downturn in the €364 billion industry — and questions about succession are growing louder.,[],2025-06-19T08:36:52
Business of Fashion,Lessons in Make-Or-Break Costuming From the Carolyn Bessette-Kennedy Backlash,https://www.businessoffashion.com/briefings/media/lessons-in-make-or-break-costuming-from-the-carolyn-bessette-kennedy-backlash/,The online ire over the initial peeks at Ryan Murphy’s upcoming series about the tragic love story of John F. Kennedy Jr. and Carolyn Bessette-Kennedy is a case study on why it’s important to get costuming right on TV.,[],2025-06-20T15:06:09
Business of Fashion,Umit Benan Is Back,https://www.businessoffashion.com/reviews/luxury/umit-benan-is-back-new-collection/,"With a new Davide De Giglio-backed venture offering ‘bespoke prêt-à-porter,’ the master tailor is once again in the spotlight and will unveil a new collection and retail concept on Friday in Milan.",[],2025-06-20T04:30:00
Business of Fashion,Meta Launches $399 Oakley AI Smart Glasses,https://www.businessoffashion.com/news/technology/meta-launches-oakley-ai-smart-glasses/,"Meta introduces new Oakley smart glasses, expanding beyond Ray-Ban, targeting athletes and leveraging AI capabilities.",[],2025-06-20T14:31:43
Business of Fashion,Pandora Is Hiring on BoF Careers,https://www.businessoffashion.com/articles/workplace-talent/pandora-is-hiring-bof-careers-job-opportunities-jewellery-brand/,"Check out this week’s new partners and openings on BoF Careers, the global marketplace for fashion and beauty talent.",[],2025-06-20T13:57:42
Business of Fashion,BoF Live | Rethinking Success Metrics for Brand Ambassadors,https://www.businessoffashion.com/events/retail/bof-live-rethinking-success-metrics-for-brand-ambassadors/,"Join us on Wednesday, July 2 at 16:00 BST / 11:00 EDT for our next #BoFLIVE.",[],2025-06-20T09:32:38
Business of Fashion,And It Was All Yellow…,https://www.businessoffashion.com/articles/beauty/bessette-kennedy-blonde-bubble-tracey-cunningham/,"Carolyn Bessette Kennedy’s precise shade of blonde generated a lot of press this week, but online the late style icon’s hair drama is getting upstaged — by Jennifer Garner.",[],2025-06-20T12:00:00
Business of Fashion,Mike Ashley’s Frasers Drops Out of Bid For Revolution Beauty,https://www.businessoffashion.com/news/beauty/mike-ashley-frasers-drops-out-bid-revolution-beauty/,"The British fashion group has decided not to go ahead with an offer to buy the ailing cosmetics brand, the company said Thursday.",[],2025-06-20T10:31:31
Business of Fashion,Luxury Counterfeiters Are Outsmarting the Industry,https://www.businessoffashion.com/articles/luxury/luxury-counterfeits-vestiaire-collective-authentication/,Purveyors of secondhand luxury goods may be losing the fight against increasingly sophisticated counterfeiters. Do customers care?,[],2025-06-20T10:22:01
Business of Fashion,"Dealers at Art Basel Sidestep Politics, Reap Rewards",https://www.businessoffashion.com/news/luxury/art-basel-apolitical-work-buyers/,"The fair featured mostly safe, apolitical works, which appeared to play to the mood of buyers.",[],2025-06-19T09:27:08
Business of Fashion,Opinion: Luxury Is More Resilient Than the Market Suggests,https://www.businessoffashion.com/articles/luxury/opinion-luxury-is-more-resilient-than-the-market-suggests/,"The luxury industry is facing another lost year, according to Bain’s latest luxury update, but investors are being too gloomy on the sector’s long-term prospects, argues Andrea Felsted.",[],2025-06-19T17:27:23
Business of Fashion,Why Kering Picked a Fashion Outsider to Be Its Next CEO,https://www.businessoffashion.com/articles/luxury/kering-new-ceo-luca-de-meo-francois-henri-pinault/,"The Gucci and Saint Laurent owner is splitting its chairman and CEO roles, bringing in Luca de Meo, a turnaround expert who has revived multiple automotive brands, to support the Pinault family.",[],2025-06-16T15:46:57
Business of Fashion,Temu US Sales Plunge 25% Amid Tariff Barrage,https://www.businessoffashion.com/news/retail/temu-us-slaes-drop-tariffs-shein/,"Temu’s US sales are declining due to significant cuts in advertising spending, a direct consequence of new tariffs, while Shein’s sales have begun to recover.",[],2025-06-20T09:47:47
Business of Fashion,"As Kering’s Fashion Cools, Pomellato Heats Up",https://www.businessoffashion.com/articles/luxury/jewellery-kering-pomellato-sabina-belli/,"Even as demand for luxury goods stalls, Milanese jeweller Pomellato is gaining ground by appealing to self-purchasing women and expanding into high jewellery — a welcome win for Kering as it works to re-energise its portfolio.",[],2025-06-20T04:30:00
Business of Fashion,How Prestige Beauty Customers Define Value Today,https://www.businessoffashion.com/articles/beauty/how-prestige-beauty-consumers-define-value-today-unilever-prestige-ceo-mary-carmen-gasco-buisson-interview/,"At The Business of Beauty Global Forum 2025, Unilever Prestige’s CEO, Mary Carmen Gasco-Buisson, shares how shifting consumer expectations around value are reshaping prestige beauty, in conversation with BoF’s chief business officer and head of beauty, Johanna Stout.",[],2025-06-20T04:00:00
Business of Fashion,What I’m Looking Forward to at Our Next Executive Roundtable in London,https://www.businessoffashion.com/articles/events/executive-roundtable-london-2025/,"Executive Members are invited to join senior correspondents Sarah Kent and Sheena Butler-Young, along with executive editor Brian Baskin for an informal breakfast discussing Selling to Consumers in Uncertain Times.",[],2025-06-19T14:08:45
Business of Fashion,"Luxury Sector Will Continue to Slip, Bain Forecasts",https://www.businessoffashion.com/articles/luxury/luxury-sector-will-continue-to-slip-bain-forecasts/,"The market is on pace to contract 2 percent to 5 percent in 2025 as consumption remains soft across key categories — particularly leather goods, makeup and watches — according to the latest forecast from Bain & Company.",[],2025-06-19T10:30:00
Business of Fashion,China’s Extended 618 Shopping Festival Fails to Stir Excitement,https://www.businessoffashion.com/news/global-markets/china-618-shopping-festival-fails/,"E-tailers JD.com and Tmall-owner Alibaba have not disclosed the event’s overall sales figures for years, but analysts warn that a recent pause in some government subsidy programmes could weigh on consumption this month.",[],2025-06-19T09:52:19
Business of Fashion,Swiss Watch Exports Slump in May as US Tariffs Shake Market,https://www.businessoffashion.com/news/luxury/swiss-watch-exports-slump-us-tariffs/,"Exports to the US, the sector’s single-biggest market, were down just over 25 percent, underscoring the impact of President Donald Trump’s trade policies.",[],2025-06-19T09:37:54
Business of Fashion,LA’s Protests Have Ended But Fashion Can’t Shake Off Its Fear,https://www.businessoffashion.com/articles/workplace-talent/las-protests-have-ended-but-fashion-cant-shake-off-its-fear/,"Following the ICE raids and a week of protests, the city’s fashion employers continue to fret about what’s to come as the White House continues its deportation campaign.",[],2025-06-19T04:30:00
Business of Fashion,Nike Delays Launch for New Brand With Kim Kardashian’s Skims,https://www.businessoffashion.com/news/retail/nike-delays-launch-for-new-brand-with-kim-kardashians-skims/,"Despite the delays, Nike still expects to release NikeSkims products sometime this year, Bloomberg reported.",[],2025-06-18T17:48:45
Business of Fashion,Lululemon Is Cutting 150 Corporate Employees After Review,https://www.businessoffashion.com/news/retail/lululemon-is-cutting-150-corporate-employees-after-review/,"The impacted roles are at the retailer’s store support centres, according to a statement from the company.",[],2025-06-18T15:42:51
Business of Fashion,Fashion Castoffs Dumped in Protected Wetlands in Ghana,https://www.businessoffashion.com/articles/professional/clothes-dumped-in-ghana-protected-wetlands/,"Shipments of unwanted old clothes from UK and European brands have turned a conservation site into a dumping ground, according to a new investigation.",[],2025-06-18T09:29:22
Business of Fashion,Dôen Raises Series A Funding Led by Silas Capital,https://www.businessoffashion.com/news/retail/doen-raises-series-a-funding-led-by-silas-capital/,The funding round marks the first time the Los Angeles-based womenswear brand raised outside capital after its initial $1 million seed round. The new capital will go towards its retail expansion.,[],2025-06-17T13:00:00
Business of Fashion,US Retail Sales Post Biggest Drop in Four Months,https://www.businessoffashion.com/news/retail/us-retail-sales-post-biggest-drop-in-four-months/,"US retail sales declined more than anticipated last month, though clothing sales rose by 0.1 percent between April and May.",[],2025-06-17T16:31:12
Business of Fashion,New York’s Fashion Workers Act Set to Go into Effect June 19,https://www.businessoffashion.com/news/workplace-talent/new-yorks-fashion-workers-act-set-to-go-into-effect-june-19/,"The Model Alliance, New York State Department of Labor and fashion industry stakeholders gathered Tuesday to celebrate the new law, which establishes regulations for fair treatment of models — including, preventing management agencies from charging unfair fees and giving models control over their likenesses created with AI.",[],2025-06-17T20:55:30
Business of Fashion,Francesco Risso Exits Marni,https://www.businessoffashion.com/articles/luxury/francesco-risso-exits-marni/,"The Italian designer crafted a colourful, DIY-inflected universe during 10 years at the OTB-owned brand.",[],2025-06-18T10:05:39
Business of Fashion,Ben Gorham to Exit Byredo,https://www.businessoffashion.com/news/beauty/ben-gorham-to-exit-byredo/,The founder of the Swedish fragrance label is stepping down as Puig completes its takeover.,[],2025-06-18T09:50:30
Business of Fashion,Beautycounter Would Like To Reintroduce Itself,https://www.businessoffashion.com/articles/beauty/gregg-renfrew-beautycounter-comeback/,"Back under the ownership of founder Gregg Renfrew, the beauty label will relaunch on June 25 as Counter, keeping its clean formulations and giving up its MLM-style compensation model in favor of “community commerce.” Renfrew talks exclusively to The Business of Beauty about her vision for the new brand.",[],2025-06-18T00:14:52
WWD,How Jimena Garcia Gives Clients a Fresh Pair of Eyes,https://wwd.com/beauty-industry-news/color-cosmetics/jimena-garcia-brow-artist-profile-1237919580/,"The brow artist, based in New York’s SoHo, parlays her fine art training into her brow and lash services for her clients.","['Color Cosmetics', 'Chanel', 'cosmetics', 'WWD Weekend']",2025-06-28T15:00:00
WWD,The Ultimate Guide to Lymphatic Drainage,https://wwd.com/beauty-industry-news/wellness/best-lymphatic-drainage-products-1237920643/,"Here, a look at 10 of the best products to depuff and detox this summer.","['Wellness', 'skincare', 'wellness', 'WWD Weekend Beauty']",2025-06-28T13:00:00
WWD,Soundbody Hamptons Combines Fitness and Mindfulness at New Flagship,https://wwd.com/beauty-industry-news/wellness/fitness-studio-soundbody-hamptons-opening-1237923717/,"The new studio offers Pilates, heated mat sculpt and mat Pilates classes, sound healing, meditation and more.","['Wellness', 'Hamptons', 'opening', 'wellness', 'WWD Weekend']",2025-06-28T13:00:00
WWD,"A Hidden Malibu Sanctuary, Now Open to More Than Just Insiders",https://wwd.com/beauty-industry-news/beauty-features/calamigos-ranch-hidden-malibu-sanctuary-spa-1237921126/,"Once reserved exclusively for members and overnight guests, the spa at Calamigos Ranch is now open to the public on weekdays for the first time.","['Beauty Features', 'beauty', 'Los Angeles', 'WWD Weekend Beauty']",2025-06-28T12:12:00
WWD,Ski-inspired Workout Nordic Strong Lands in New York,https://wwd.com/beauty-industry-news/wellness/ski-workout-nordic-strong-new-york-opening-1237919699/,"After popping up in the Hamptons this summer, the Copenhagen-based concept will open a permanent outpost in the Flatiron district.","['Wellness', 'Hamptons', 'New York', 'opening', 'wellness', 'WWD Weekend']",2025-06-28T00:00:00
WWD,Bold Beauty Looks Seen at the Men’s Spring 2026 Shows in Milan,https://wwd.com/beauty-industry-news/beauty-features/bold-beauty-looks-makeup-hair-men-spring-2026-milan-fashion-week-1237944489/,Consider having your poodle painted on your head come next season.,"['Beauty Features', 'beauty', 'Milan Fashion Week', 'WWDBeautyInc']",2025-06-27T14:57:12
WWD,"From Goop’s This Smells Like My Vagina Candle to Scents Influenced by Erotic Literature, Sex-inspired Fragrances Continue to Dominate",https://wwd.com/beauty-industry-news/fragrance/sex-inspired-fragrances-1237899470/,"While fragrance and sensuality have been synonymous for centuries, a new crop of brands, technologies and notes are taking things to the next level.","['Fragrance', 'Firmenich', 'fragrance', 'Givaudan']",2025-06-27T13:00:00
WWD,Givaudan to Acquire Brazilian Fragrance Supplier Vollmens,https://wwd.com/beauty-industry-news/fragrance/givaudan-acquire-brazilian-fragrance-supplier-vollmens-1237954251/,The partnership is expected to strengthen the Swiss fragrance and flavors supplier’s reach in Latin America.,"['Fragrance', 'Givaudan', 'M&A', 'WWDBeautyInc']",2025-06-27T07:19:29
WWD,Global Beauty Giants’ Early Bets on the Eastern Fragrance Wave,https://wwd.com/beauty-industry-news/fragrance/global-beauty-giants-early-bets-niche-fragrance-asia-1237916146/,Strategics’ venture capital arms are placing bets on niche Asian fragrance brands being the next big thing amid changing habits in the region.,"['Fragrance', 'beauty', 'Estée Lauder', 'fragrance', 'investment', 'L’Oréal']",2025-06-27T04:29:00
WWD,‘Fragrances Are the New Sneakers’: How Perfume Became a Teen Status Symbol,https://wwd.com/beauty-industry-news/fragrance/fragrance-teens-boys-girls-viral-tiktok-perfume-1237900380/,"Fragrance-savvy teenagers are driving discovery and shaping trends within the scent category, which has become an avenue for both self-expression and community among the cohort.","['Fragrance', 'Consumer Behavior', 'fragrance', 'Retail Sales', 'Trends', 'viral']",2025-06-27T04:01:00
Glossy,Glossy Pop Newsletter: Sabrina Carpenter’s music videos are the new billboard for beauty brands,https://www.glossy.co/beauty/glossy-pop-newsletter-sabrina-carpenters-music-videos-are-the-new-billboard-for-beauty-brands/?utm_campaign=glossydis&utm_medium=rss&utm_source=general-rss,"Music videos are the hot new place for beauty and fashion brands to show up. In Sabrina Carpenter and Addison Rae videos, brands like Prada Beauty, Supergoop and Free People are making the most of the opportunity.","['Beauty', 'Fashion', 'Pop', 'RevolutionBrandMarketingContentful']",2025-06-27T04:02:00
Glossy,‘Counting likes is no longer enough’: Beauty brands rethink strategy as a wellness focus becomes business-critical,https://www.glossy.co/beauty/counting-likes-is-no-longer-enough-beauty-brands-rethink-strategy-as-a-wellness-focus-becomes-business-critical/?utm_campaign=glossydis&utm_medium=rss&utm_source=general-rss,"At a Glossy, CEW and Launchmetrics panel in London this week, beauty leaders gathered to discuss how the rise of wellness is reshaping brand strategy in the saturated, fast-moving world of beauty.","['Beauty', 'Wellness']",2025-06-27T04:01:00
Glossy,"Glossy Podcast: NBA Draft fashion, Skims x Cavalli and LVMH’s flip-flops — plus,  Lisa Yamner Green on the launch of Daydream",https://www.glossy.co/podcasts/glossy-podcast-nba-draft-fashion-skims-x-cavalli-and-lvmhs-flip-flops-plus-lisa-yamner-green-on-the-launch-of-daydream/?utm_campaign=glossydis&utm_medium=rss&utm_source=general-rss,"This week on the Glossy Podcast: NBA Draft fashion goes luxury, Skims taps the Cavalli archive, men’s flip flops hit the runway and Daydream’s Lisa Yamner Green shares how AI is reshaping fashion discovery.","['Fashion', 'Podcasts']",2025-06-27T04:00:00
Glossy,How Skinfix turned a reformulation flop into a rebranding and community-building opportunity,https://www.glossy.co/beauty/how-skinfix-turned-a-reformulation-flop-into-a-rebranding-and-community-building-opportunity/?utm_campaign=glossydis&utm_medium=rss&utm_source=general-rss,"When Skinfix’s exec team reformulated its hero Triple Lipid-Peptide Cream last year, it didn’t expect an outpouring of frustration from its most loyal shoppers. But instead of doubling down on the ""new and improved formula,"" the brand used the misstep as an opportunity to connect with its community and bring back the original cream alongside a full rebrand. Glossy sat down with CEO Stuart Leitch to learn more.","['Beauty', 'RevolutionBrandMarketingContentful']",2025-06-26T04:04:00
Glossy,Fashion Briefing: How brands from IWC to Pacsun are hitching a ride on Formula 1’s explosive growth,https://www.glossy.co/fashion/fashion-briefing-how-brands-from-iwc-to-pacsun-are-hitching-a-ride-on-formula-1s-explosive-growth/?utm_campaign=glossydis&utm_medium=rss&utm_source=general-rss,"It’s no coincidence that there are more fashion collaborations with Formula 1 than ever before. With products from licensed T-shirts selling for $35 all the way up to one-of-a-kind Formula 1-inspired watches selling for over $1 million, fashion brands have continued to latch onto the sport’s growing popularity.","['Fashion', 'Glossy+', 'plus']",2025-06-26T04:01:00
Glossy,"Unilever’s new acquisition, Glossier’s CEO shakeup — plus, Arrae’s Siff Haider on forecasting wellness trends before they hit big",https://www.glossy.co/podcasts/how-siff-haider-co-founder-of-arrae-forecasts-wellness-trends-before-they-hit-it-big/?utm_campaign=glossydis&utm_medium=rss&utm_source=general-rss,"In the big wide world of health and wellness, there is always a buzzword du jour. In the past couple months, you've likely heard buzz about gut health and GLP-1s, ingredients like creatine and colostrum, and, of course, protein. For many of these trends, Arrae, the supplement brand co-founded by Siffat ""Siff"" Haider and her husband, Nishant Samantray, has been right there, answering consumer demand with a product featuring that of-the-moment ingredient or speaking to a top-of-mind concern.","['Beauty', 'Podcasts']",2025-06-26T04:00:00
Glossy,The fragrance brands dominating Instagram are not the same ones making bank on TikTok,https://www.glossy.co/beauty/the-fragrance-brands-dominating-instagram-are-not-the-same-ones-making-bank-on-tiktok/?utm_campaign=glossydis&utm_medium=rss&utm_source=general-rss,"Luxury brands like Parfums de Marly and Kilian dominated Instagram for the month of May, according to a new report from Mintoiro. The more polished aesthetic dominant on Instagram does not always translate well to TikTok’s more DIY appeal, however.",['Beauty'],2025-06-25T04:04:00
Glossy,Luxury Briefing: Can Jonathan Anderson turn Dior’s best-selling Book Tote into a fresh growth engine?,https://www.glossy.co/fashion/luxury/luxury-briefing-can-jonathan-anderson-turn-diors-best-selling-book-tote-into-a-fresh-growth-engine/?utm_campaign=glossydis&utm_medium=rss&utm_source=general-rss,"In this week's luxury briefing, a look at the revival of Dior's book tote. Also, a new shopping app that claims to fuel brand loyalty, the latest executive moves from Miu Miu and YNAP, and news to know.","['Fashion', 'Luxury', 'Glossy+', 'plus']",2025-06-25T04:02:00
Glossy,Beauty & Wellness Briefing: The beauty supplement market is expanding as beauty and wellness continue to merge,https://www.glossy.co/beauty/the-beauty-supplement-marketplace-is-expanding-as-the-beauty-and-wellness-categories-continue-to-merge/?utm_campaign=glossydis&utm_medium=rss&utm_source=general-rss,"This week, I checked in on the burgeoning beauty supplement category. Additionally, Unilever is set to acquire men's personal care leader Dr. Squatch, there's another exec shakeup at Violet Grey, and Beautycounter founder Gregg Renfrew is back with Counter.","['Beauty', 'Wellness', 'Glossy+', 'plus']",2025-06-24T04:05:00
Glossy,All the ways conflict between the US and Iran could affect the fashion industry,https://www.glossy.co/fashion/all-the-ways-conflict-between-the-u-s-and-iran-could-affect-the-fashion-industry/?utm_campaign=glossydis&utm_medium=rss&utm_source=general-rss,"The main risk that market analysts are predicting is a global rise in energy costs due to the conflict obstructing important shipping lanes, which would disrupt a market where many consumers are already cutting back on discretionary spending.",['Fashion'],2025-06-24T04:04:00
Glossy,From Guava to Sardine Girl Summer: Why beauty can’t stop serving up foodie trends,https://www.glossy.co/beauty/from-guava-to-sardine-girl-summer-why-beauty-cant-stop-serving-up-foodie-trends/?utm_campaign=glossydis&utm_medium=rss&utm_source=general-rss,"Foodie microtrends like ""Guava Girl Summer"" have taken off as an appealing way to repackage standard beauty looks under a new name. But they also speak to consumers looking to participate in a lifestyle via their fashion and beauty choices.",['Beauty'],2025-06-24T04:01:00
Glossy,Anthropologie’s ‘Tobie’ dress is the unexpected style of the summer,https://www.glossy.co/fashion/anthropologies-tobie-dress-is-the-unexpected-style-of-the-summer/?utm_campaign=glossydis&utm_medium=rss&utm_source=general-rss,"On Thursday, Katie Sturino (803,000 Instagram followers) and Lindsay Silberman (214,000 Instagram followers) posted about the same dress. The dress, which is called the Tobie and made by a brand called Exquise, is sold exclusively at URBN-owned Anthropologie. It's available in multiple lengths and fabrics, and ranges in price from $178-$228. And, although it has been popular since its launch in February 2024, it may just be the dress of summer 2025.","['Fashion', 'Pop']",2025-06-24T04:00:00
Glossy,Unpacked: The consumer brand guide to B2C CRMs,https://www.glossy.co/sponsored/unpacked-the-consumer-brand-guide-to-b2c-crms/?utm_campaign=glossydis&utm_medium=rss&utm_source=general-rss,"This Unpacked guide, sponsored by Klaviyo, explores the ins and outs of B2C CRMs — how they offer something unique for B2C brands compared to legacy CRMs, the difficulties B2C companies face when retrofitting B2B CRMs and examples of brands that have achieved major success after switching. While the initial iterations of customer relationship management [&#8230;]",['Sponsored'],2025-06-23T21:02:00
Glossy,Why authors are fashion’s next top models,https://www.glossy.co/fashion/why-authors-are-fashions-next-top-models/?utm_campaign=glossydis&utm_medium=rss&utm_source=general-rss,"Ten years after literary icon Joan Didion appeared in a Phoebe Philo-era Céline campaign, writers like Zadie Smith and Ottessa Moshfegh are getting their due in fashion.","['Fashion', 'Luxury', 'RevolutionBrandMarketingContentful']",2025-06-23T04:02:00
Glossy,‘Champion has to be back in pro sports’: How Authentic Brands Group is turning Champion around with sports league deals,https://www.glossy.co/fashion/champion-has-to-be-back-in-pro-sports-how-authentic-brands-group-is-turning-champion-around-with-sports-league-deals/?utm_campaign=glossydis&utm_medium=rss&utm_source=general-rss,Champion's new owners have a central strategy to turn the brand around: realigning it with professional sports.,"['Fashion', 'RevolutionBrandMarketingContentful']",2025-06-23T04:00:00
Glossy,Beating price sensitivity without slashing margins,https://www.glossy.co/sponsored/beating-price-sensitivity-without-slashing-margins/?utm_campaign=glossydis&utm_medium=rss&utm_source=general-rss,"Rose Murray, senior content editor, Scayle In light of the recent global tariff turmoil and the resulting economic uncertainty, customer loyalty is more fragile than ever. According to Scayle’s 2025 shopper survey, shoppers are gravitating towards a higher level of cost consciousness. As a result, 36% of U.S. consumers admit they would ditch their favorite brand [&#8230;]","['Sponsored', 'Scayle25SBL2']",2025-06-20T17:58:07
Glossy,Inside Cowboy Colostrum’s summer of activations,https://www.glossy.co/beauty/glossy-pop-newsletter-inside-cowboy-colostrums-summer-of-activations/?utm_campaign=glossydis&utm_medium=rss&utm_source=general-rss,"Cowboy Colostrum just launched a third flavor of its powder hero product, Strawberry, and to celebrate, it is embarking on a summer of related activations — all on the East Coast, with a specific focus on the Hamptons.","['Beauty', 'Pop', 'RevolutionBrandMarketingContentful']",2025-06-20T04:02:00
Glossy,"Glossy Podcast: Kering’s new CEO, FIFA’s luxury bid, France’s anti-fast-fashion bill — and a conversation with Warby Parker’s Kim Nemser",https://www.glossy.co/podcasts/glossy-podcast-kerings-new-ceo-fifas-luxury-bid-frances-anti-fast-fashion-bill-and-a-conversation-with-warby-parkers-kim-nemser/?utm_campaign=glossydis&utm_medium=rss&utm_source=general-rss,"Our editor-in-chief, Jill Manoff, sits down with Warby Parker’s chief product and supply chain officer, Kim Nemser. The conversation covers Warby Parker’s omnichannel strategies, with a particular focus on how it’s integrating AI into many of its back-end operations.","['Fashion', 'Podcasts']",2025-06-20T04:00:00
Glossy,Fashion Briefing: How H&M is using real-time data to merchandise stores based on optimal sales,https://www.glossy.co/fashion/fashion-briefing-how-hm-is-using-real-time-data-to-merchandise-stores-based-on-optimal-sales/?utm_campaign=glossydis&utm_medium=rss&utm_source=general-rss,"In this week's fashion briefing, a deep dive into how H&#38;M is putting data into the hands of store associates to convert customers. Also, what brands should look out for with Google's in-search checkout, plus future retail trends from The Future Laboratory and the latest earnings from Vince.","['Fashion', 'Glossy+', 'plus']",2025-06-19T11:10:55
Glossy,Goop plans for 20-30 new brick-and-mortar locations as it opens its 7th permanent store,https://www.glossy.co/beauty/goop-plans-for-20-30-new-brick-and-mortar-locations-as-it-opens-its-7th-permanent-store-this-weekend/?utm_campaign=glossydis&utm_medium=rss&utm_source=general-rss,"Goop’s in-house brands, Goop Beauty and G Label, will fill 80% of the new 647-square-foot Aspen storefront. It marks the company’s seventh permanent location, with 20-30 more to come over the next few years, Matthew Blythe, Goop’s vp of retail, told Glossy.","['Beauty', 'Wellness']",2025-06-19T04:05:00
Beauty Independent,"Rhode, Maëlys And Phlur Top Consumer Edge’s List Of Fastest-Growing DTC Beauty Companies For 2025",https://www.beautyindependent.com/rhode-maelys-phlur-consumer-edge-fastest-growing-dtc/,"Celebrity-driven and viral beauty brands, including Hailey Bieber’s Rhode, Maëlys and Phlur, have had the strongest direct-to-consumer sales growth in beauty this year, according to a new report by data analytics firm Consumer Edge on the top 40 and 20 DTC beauty companies in the United States and United Kingdom, respectively. ... The post Rhode, Maëlys And Phlur Top Consumer Edge’s List Of Fastest-Growing DTC Beauty Companies For 2025 appeared first on Beauty Independent .","['Brand Report', 'at-home wellness', 'beauty brands', 'beauty devices', 'beauty retail', 'beauty services', 'Consumer Edge', 'DTC', 'DTC sales', 'Maëlys', 'medical aesthetics', 'personalization', 'PHLUR', 'professional beauty', 'retail', 'Rhode', 'science-backed', 'social media']",2025-06-26T23:13:14
Beauty Independent,Science-Driven Professional Skincare Brand Epicutis Raises $10M In Series B Funding To Fuel Expansion,https://www.beautyindependent.com/science-driven-professional-skincare-brand-epicutis-raises-10m-series-b-funding/,"Epicutis , the science-driven luxury professional skincare brand, has raised $10 million in series B funding to fuel its next phase of growth. The brand didn’t disclose the investor in its series B round, but described it as a single insider who’s a longstanding board member and was ... The post Science-Driven Professional Skincare Brand Epicutis Raises $10M In Series B Funding To Fuel Expansion appeared first on Beauty Independent .","['Deal Flow', 'clean', 'clinical', 'Epicutis', 'funding', 'investment', 'investor', 'luxury', 'luxury skincare', 'Maxwell Stock', 'med spas', 'professional', 'professional skincare', 'science', 'science-backed skincare', 'series b', 'series B funding', 'series B round', 'skincare', 'spas']",2025-06-26T20:10:58
Beauty Independent,19-Year-Old College Student Launches Beauty Site To Separate Science-Backed Beauty From Marketing BS,https://www.beautyindependent.com/utopia-beauty-site-science-backed-beauty/,"At Utopia Beauty , it’s all about showing the proof. Launched on May 31, the new e-tailer offers about 50 products from 13 beauty brands across skincare, makeup, haircare, body and wellness that are backed by clinical studies. Products with unsubstantiated marketing claims aren’t allowed on ... The post 19-Year-Old College Student Launches Beauty Site To Separate Science-Backed Beauty From Marketing BS appeared first on Beauty Independent .","['Retail Report', 'beauty e-commerce', 'beauty entrepreneurs', 'beauty retail', 'clinical testing', 'e-commerce', 'retail', 'science', 'science-backed beauty', 'Utopia Beauty']",2025-06-25T23:51:21
Beauty Independent,Why This Founder Walked Away From Large-Scale Retail Distribution—And What She’d Do Differently,https://www.beautyindependent.com/private-packs-founder-walked-away-retail-distribution/,"When founder Suzanne Sinatra saw her brand Private Packs for the last time at CVS, she wasn’t disappointed. “I did not think that I would be this happy that we’re leaving retail, but I’m looking forward to my stress coming down,” she says in a TikTok video posted June 5. “It really took ... The post Why This Founder Walked Away From Large-Scale Retail Distribution—And What She’d Do Differently appeared first on Beauty Independent .","['Expert Dialogue', 'black owned beauty brand', 'CVS', 'DTC', 'private packs', 'retail', 'retail distribution', 'sexual health', 'Suzanne Sinatra', 'Target', 'vulva', 'vulva products']",2025-06-25T23:50:51
Beauty Independent,Athena Club Founders Launch House Of Atlas To Disrupt Men’s Shaving And Personal Care,https://www.beautyindependent.com/athena-club-founders-launch-house-of-atlas-mens-shaving-personal-care/,"The his-and-hers shaving market has a new coupling with the launch of House of Atlas from the husband-and-wife team behind Athena Club , Maria and Charles Desmarais. New York-based House of Atlas is turning to the playbook that’s worked for Athena Club, which launched as a direct-to-consumer brand in ... The post Athena Club Founders Launch House Of Atlas To Disrupt Men’s Shaving And Personal Care appeared first on Beauty Independent .","['Brand Report', 'Athena Club', 'grooming', 'house of atlas', 'men', ""men's grooming"", ""men's personal care"", 'personal care', 'razors', 'shaving']",2025-06-24T20:31:46
Beauty Independent,Biotech Firm Cellugy Scores $9.25M Grant To Replace Petrochemicals In Beauty Products,https://www.beautyindependent.com/biotech-firm-cellugy-9-25m-grant-funding/,"An eco-friendly alternative is no good if it can’t perform like the cheap, eco-unfriendly material it’s substituting. Cellugy is fully aware of that—and its goal is to replace xanthan and cellulose gums and petroleum-derived microplastics in cosmetics with lab-created ingredients that are equal in performance while being better for ... The post Biotech Firm Cellugy Scores $9.25M Grant To Replace Petrochemicals In Beauty Products appeared first on Beauty Independent .","['Deal Flow', 'beauty ingredients', 'biotech', 'biotechnology', 'Cellugy', 'EcoFLEXY', 'environment', 'funding', 'microplastics', 'petrochemical ingredients', 'petrochemicals', 'rheology modifier', 'sustainability']",2025-06-24T19:14:44
